{"front":{"springrate":448,"motionratio":0.96,"dimension":{"trackwidth":57.7,"struttopdistance":41,"strutlength":25.5,"lcadistance":27.55,"lcalength":13.75,"lcaheight":8,"bjheight":7},"weight":{"leftcorner":910,"rightcorner":910,"unsprung":202},"swaybar":{"barlength":35,"diameter":0.98,"perpendicular":5.5,"armlength":5.5,"motionratio":0.65},"computed":{"strut_x":6.725,"strut_vertical":23.523654614332838,"lca_angle":4.170647911861539,"strut_angle":15.906140003326485,"instant_center":[48.74298988322777,12.546762900598383],"roll_center":4.665036238802114,"spring_wr":412.8768,"bar_springrate":946.9883417029293,"natural_freq":2.23093273288853,"roll_stiffness":1968.4684373051577}},"rear":{"springrate":391,"motionratio":0.97,"dimension":{"trackwidth":57.3,"struttopdistance":43,"strutlength":32,"lcadistance":27,"lcalength":16,"lcaheight":10.25,"bjheight":9.75},"weight":{"leftcorner":681,"rightcorner":681,"unsprung":187},"swaybar":{"barlength":35,"diameter":0.98,"perpendicular":7,"armlength":7,"motionratio":0.65},"computed":{"strut_x":8,"strut_vertical":30.485883390142543,"lca_angle":1.7907846593289494,"strut_angle":14.463062148279676,"instant_center":[87.87811041069584,13.418065950334245],"roll_center":3.2990116129248612,"spring_wr":367.89189999999996,"bar_springrate":572.5430080054505,"natural_freq":2.4711930500343953,"roll_stiffness":1456.0885425015676}},"cgheight":21,"computed":{"weight":{"total":3182,"frdist":"57/43","lrdist":"50/50"}}}
